janthinobacterium_lividum_e	SAMN07428612	/nfs/research/jlees/shared/atb_tree/2440k_fastas_concat/x0044/SAMN07428612.aln.fas
arthrobacter_sp002008315	SAMN07428313	/nfs/research/jlees/shared/atb_tree/2440k_fastas_concat/x0044/SAMN07428313.aln.fas
deinococcus_radiodurans	SAMN07451227	/nfs/research/jlees/shared/atb_tree/2440k_fastas_concat/x0044/SAMN07451227.aln.fas
pseudomonas_e_marginalis	SAMN07451041	/nfs/research/jlees/shared/atb_tree/2440k_fastas_concat/x0044/SAMN07451041.aln.fas
bacillus_a_anthracis	SAMN07333124	/nfs/research/jlees/shared/atb_tree/2440k_fastas_concat/x0044/SAMN07333124.aln.fas
aeromonas_salmonicida	SAMN07305342	/nfs/research/jlees/shared/atb_tree/2440k_fastas_concat/x0044/SAMN07305342.aln.fas
aeromonas_hydrophila	SAMN07312775	/nfs/research/jlees/shared/atb_tree/2440k_fastas_concat/x0044/SAMN07312775.aln.fas
colwellia_psychrerythraea_a	SAMN07428410	/nfs/research/jlees/shared/atb_tree/2440k_fastas_concat/x0044/SAMN07428410.aln.fas
pseudomonas_e_protegens	SAMN16933134	/nfs/research/jlees/shared/atb_tree/2440k_fastas_concat/x0072/SAMN16933134.aln.fas
salmonella_diarizonae	SAMN16662682	/nfs/research/jlees/shared/atb_tree/2440k_fastas_concat/x0072/SAMN16662682.aln.fas
clostridium_butyricum	SAMN17007417	/nfs/research/jlees/shared/atb_tree/2440k_fastas_concat/x0072/SAMN17007417.aln.fas
erwinia_tracheiphila	SAMN16932234	/nfs/research/jlees/shared/atb_tree/2440k_fastas_concat/x0072/SAMN16932234.aln.fas
corynebacterium_jeikeium_c	SAMN16712176	/nfs/research/jlees/shared/atb_tree/2440k_fastas_concat/x0072/SAMN16712176.aln.fas
lactococcus_cremoris	SAMN16769150	/nfs/research/jlees/shared/atb_tree/2440k_fastas_concat/x0072/SAMN16769150.aln.fas
clostridium_chauvoei	SAMN16746677	/nfs/research/jlees/shared/atb_tree/2440k_fastas_concat/x0072/SAMN16746677.aln.fas
bifidobacterium_infantis	SAMN16976997	/nfs/research/jlees/shared/atb_tree/2440k_fastas_concat/x0072/SAMN16976997.aln.fas
citrobacter_portucalensis	SAMN16233278	/nfs/research/jlees/shared/atb_tree/2440k_fastas_concat/x0070/SAMN16233278.aln.fas
mycoplasmopsis_bovis	SAMN16213900	/nfs/research/jlees/shared/atb_tree/2440k_fastas_concat/x0070/SAMN16213900.aln.fas
limosilactobacillus_reuteri_e	SAMN15891581	/nfs/research/jlees/shared/atb_tree/2440k_fastas_concat/x0070/SAMN15891581.aln.fas
listeria_seeligeri	SAMN15950379	/nfs/research/jlees/shared/atb_tree/2440k_fastas_concat/x0070/SAMN15950379.aln.fas
limosilactobacillus_mucosae	SAMN15891296	/nfs/research/jlees/shared/atb_tree/2440k_fastas_concat/x0070/SAMN15891296.aln.fas
bacillus_pumilus	SAMN15869690	/nfs/research/jlees/shared/atb_tree/2440k_fastas_concat/x0070/SAMN15869690.aln.fas
lactobacillus_paragasseri	SAMN15891229	/nfs/research/jlees/shared/atb_tree/2440k_fastas_concat/x0070/SAMN15891229.aln.fas
aliarcobacter_butzleri	SAMN15953259	/nfs/research/jlees/shared/atb_tree/2440k_fastas_concat/x0070/SAMN15953259.aln.fas
francisella_tularensis	SAMN15869774	/nfs/research/jlees/shared/atb_tree/2440k_fastas_concat/x0070/SAMN15869774.aln.fas
mycobacterium_kansasii	SAMN16069762	/nfs/research/jlees/shared/atb_tree/2440k_fastas_concat/x0070/SAMN16069762.aln.fas
acinetobacter_pittii	SAMN29406666	/nfs/research/jlees/shared/atb_tree/2440k_fastas_concat/x0088/SAMN29406666.aln.fas
enterococcus_b_durans	SAMN29549334	/nfs/research/jlees/shared/atb_tree/2440k_fastas_concat/x0088/SAMN29549334.aln.fas
vibrio_mimicus	SAMN29637686	/nfs/research/jlees/shared/atb_tree/2440k_fastas_concat/x0088/SAMN29637686.aln.fas
nitratidesulfovibrio_vulgaris	SAMN14839626	/nfs/research/jlees/shared/atb_tree/2440k_fastas_concat/x0068/SAMN14839626.aln.fas
pseudomonas_e_sp005938045	SAMN15236144	/nfs/research/jlees/shared/atb_tree/2440k_fastas_concat/x0068/SAMN15236144.aln.fas
caulobacter_vibrioides	SAMN15242903	/nfs/research/jlees/shared/atb_tree/2440k_fastas_concat/x0068/SAMN15242903.aln.fas
enterobacter_ludwigii	SAMN15148582	/nfs/research/jlees/shared/atb_tree/2440k_fastas_concat/x0068/SAMN15148582.aln.fas
escherichia_fergusonii	SAMN15148326	/nfs/research/jlees/shared/atb_tree/2440k_fastas_concat/x0068/SAMN15148326.aln.fas
pedobacter_sp005938645	SAMN15242911	/nfs/research/jlees/shared/atb_tree/2440k_fastas_concat/x0068/SAMN15242911.aln.fas
lactobacillus_acidophilus	SAMN15078797	/nfs/research/jlees/shared/atb_tree/2440k_fastas_concat/x0068/SAMN15078797.aln.fas
citrobacter_braakii	SAMN15148649	/nfs/research/jlees/shared/atb_tree/2440k_fastas_concat/x0068/SAMN15148649.aln.fas
enterobacter_cloacae_m	SAMN25989810	/nfs/research/jlees/shared/atb_tree/2440k_fastas_concat/x0084/SAMN25989810.aln.fas
pseudomonas_e_syringae_m	SAMN25409883	/nfs/research/jlees/shared/atb_tree/2440k_fastas_concat/x0084/SAMN25409883.aln.fas
micrococcus_luteus	SAMN25653534	/nfs/research/jlees/shared/atb_tree/2440k_fastas_concat/x0084/SAMN25653534.aln.fas
lactobacillus_helveticus	SAMN26276568	/nfs/research/jlees/shared/atb_tree/2440k_fastas_concat/x0084/SAMN26276568.aln.fas
enterobacter_kobei	SAMN25988731	/nfs/research/jlees/shared/atb_tree/2440k_fastas_concat/x0084/SAMN25988731.aln.fas
staphylococcus_saprophyticus	SAMN13958342	/nfs/research/jlees/shared/atb_tree/2440k_fastas_concat/x0065/SAMN13958342.aln.fas
tenacibaculum_finnmarkense_a	SAMN13973657	/nfs/research/jlees/shared/atb_tree/2440k_fastas_concat/x0065/SAMN13973657.aln.fas
photorhabdus_bodei	SAMN14072310	/nfs/research/jlees/shared/atb_tree/2440k_fastas_concat/x0065/SAMN14072310.aln.fas
mycoplasmopsis_a_anserisalpingitidis	SAMN13885762	/nfs/research/jlees/shared/atb_tree/2440k_fastas_concat/x0065/SAMN13885762.aln.fas
burkholderia_contaminans	SAMN05772807	/nfs/research/jlees/shared/atb_tree/2440k_fastas_concat/x0041/SAMN05772807.aln.fas
brucella_melitensis	SAMN05932957	/nfs/research/jlees/shared/atb_tree/2440k_fastas_concat/x0041/SAMN05932957.aln.fas
vibrio_splendidus	SAMN05824181	/nfs/research/jlees/shared/atb_tree/2440k_fastas_concat/x0041/SAMN05824181.aln.fas
stenotrophomonas_maltophilia	SAMN06019654	/nfs/research/jlees/shared/atb_tree/2440k_fastas_concat/x0041/SAMN06019654.aln.fas
xanthomonas_oryzae	SAMN05953076	/nfs/research/jlees/shared/atb_tree/2440k_fastas_concat/x0041/SAMN05953076.aln.fas
ligilactobacillus_salivarius	SAMN05942023	/nfs/research/jlees/shared/atb_tree/2440k_fastas_concat/x0041/SAMN05942023.aln.fas
mammaliicoccus_sciuri	SAMN05977983	/nfs/research/jlees/shared/atb_tree/2440k_fastas_concat/x0041/SAMN05977983.aln.fas
enterococcus_b_hirae	SAMN09544971	/nfs/research/jlees/shared/atb_tree/2440k_fastas_concat/x0051/SAMN09544971.aln.fas
salmonella_enterica	SAMN09666596	/nfs/research/jlees/shared/atb_tree/2440k_fastas_concat/x0051/SAMN09666596.aln.fas
enterococcus_b_mundtii	SAMN09655708	/nfs/research/jlees/shared/atb_tree/2440k_fastas_concat/x0051/SAMN09655708.aln.fas
mesomycoplasma_hyopneumoniae	SAMN09533020	/nfs/research/jlees/shared/atb_tree/2440k_fastas_concat/x0051/SAMN09533020.aln.fas
phaeobacter_inhibens	SAMN24764370	/nfs/research/jlees/shared/atb_tree/2440k_fastas_concat/x0083/SAMN24764370.aln.fas
vibrio_aestuarianus	SAMN25002019	/nfs/research/jlees/shared/atb_tree/2440k_fastas_concat/x0083/SAMN25002019.aln.fas
streptomyces_albidoflavus	SAMN25039543	/nfs/research/jlees/shared/atb_tree/2440k_fastas_concat/x0083/SAMN25039543.aln.fas
corynebacterium_pseudodiphtheriticum	SAMN24898274	/nfs/research/jlees/shared/atb_tree/2440k_fastas_concat/x0083/SAMN24898274.aln.fas
erwinia_amylovora	SAMN24274145	/nfs/research/jlees/shared/atb_tree/2440k_fastas_concat/x0083/SAMN24274145.aln.fas
campylobacter_d_lari_d	SAMN25132959	/nfs/research/jlees/shared/atb_tree/2440k_fastas_concat/x0083/SAMN25132959.aln.fas
bacillus_a_thuringiensis	SAMN25026035	/nfs/research/jlees/shared/atb_tree/2440k_fastas_concat/x0083/SAMN25026035.aln.fas
ralstonia_pseudosolanacearum	SAMN24674380	/nfs/research/jlees/shared/atb_tree/2440k_fastas_concat/x0083/SAMN24674380.aln.fas
haemophilus_seminalis	SAMEA8156169	/nfs/research/jlees/shared/atb_tree/2440k_fastas_concat/x0030/SAMEA8156169.aln.fas
campylobacter_fetus	SAMEA7816861	/nfs/research/jlees/shared/atb_tree/2440k_fastas_concat/x0030/SAMEA7816861.aln.fas
citrobacter_gillenii	SAMEA7584660	/nfs/research/jlees/shared/atb_tree/2440k_fastas_concat/x0030/SAMEA7584660.aln.fas
haemophilus_influenzae_g	SAMEA7620217	/nfs/research/jlees/shared/atb_tree/2440k_fastas_concat/x0030/SAMEA7620217.aln.fas
haemophilus_influenzae_d	SAMEA7623894	/nfs/research/jlees/shared/atb_tree/2440k_fastas_concat/x0030/SAMEA7623894.aln.fas
yersinia_enterocolitica	SAMEA7740409	/nfs/research/jlees/shared/atb_tree/2440k_fastas_concat/x0030/SAMEA7740409.aln.fas
haemophilus_influenzae_e	SAMEA7619012	/nfs/research/jlees/shared/atb_tree/2440k_fastas_concat/x0030/SAMEA7619012.aln.fas
campylobacter_d_upsaliensis	SAMN09786963	/nfs/research/jlees/shared/atb_tree/2440k_fastas_concat/x0052/SAMN09786963.aln.fas
xylella_fastidiosa	SAMN09767242	/nfs/research/jlees/shared/atb_tree/2440k_fastas_concat/x0052/SAMN09767242.aln.fas
listeria_innocua	SAMN09788313	/nfs/research/jlees/shared/atb_tree/2440k_fastas_concat/x0052/SAMN09788313.aln.fas
moraxella_bovoculi	SAMN09865857	/nfs/research/jlees/shared/atb_tree/2440k_fastas_concat/x0052/SAMN09865857.aln.fas
enterococcus_d_gallinarum	SAMN32509129	/nfs/research/jlees/shared/atb_tree/2440k_fastas_concat/x0093/SAMN32509129.aln.fas
bacteroides_stercoris	SAMN32508594	/nfs/research/jlees/shared/atb_tree/2440k_fastas_concat/x0093/SAMN32508594.aln.fas
bartonella_krasnovii	SAMN32324174	/nfs/research/jlees/shared/atb_tree/2440k_fastas_concat/x0093/SAMN32324174.aln.fas
bacteroides_caccae	SAMN32508401	/nfs/research/jlees/shared/atb_tree/2440k_fastas_concat/x0093/SAMN32508401.aln.fas
parabacteroides_distasonis	SAMN32509257	/nfs/research/jlees/shared/atb_tree/2440k_fastas_concat/x0093/SAMN32509257.aln.fas
phocaeicola_dorei	SAMN32509385	/nfs/research/jlees/shared/atb_tree/2440k_fastas_concat/x0093/SAMN32509385.aln.fas
yersinia_intermedia	SAMN19699946	/nfs/research/jlees/shared/atb_tree/2440k_fastas_concat/x0077/SAMN19699946.aln.fas
acinetobacter_ursingii	SAMN19774153	/nfs/research/jlees/shared/atb_tree/2440k_fastas_concat/x0077/SAMN19774153.aln.fas
klebsiella_planticola	SAMN19856780	/nfs/research/jlees/shared/atb_tree/2440k_fastas_concat/x0077/SAMN19856780.aln.fas
yersinia_massiliensis	SAMN19699893	/nfs/research/jlees/shared/atb_tree/2440k_fastas_concat/x0077/SAMN19699893.aln.fas
stenotrophomonas_maltophilia_am	SAMN19855444	/nfs/research/jlees/shared/atb_tree/2440k_fastas_concat/x0077/SAMN19855444.aln.fas
brachyspira_hyodysenteriae	SAMN19814083	/nfs/research/jlees/shared/atb_tree/2440k_fastas_concat/x0077/SAMN19814083.aln.fas
mycobacterium_avium	SAMN19550792	/nfs/research/jlees/shared/atb_tree/2440k_fastas_concat/x0077/SAMN19550792.aln.fas
pseudomonas_e_asiatica	SAMN34405153	/nfs/research/jlees/shared/atb_tree/2440k_fastas_concat/x0096/SAMN34405153.aln.fas
sulfitobacter_mediterraneus	SAMN17369686	/nfs/research/jlees/shared/atb_tree/2440k_fastas_concat/x0073/SAMN17369686.aln.fas
pseudosulfitobacter_pseudonitzschiae	SAMN17369610	/nfs/research/jlees/shared/atb_tree/2440k_fastas_concat/x0073/SAMN17369610.aln.fas
curtobacterium_flaccumfaciens	SAMN17506653	/nfs/research/jlees/shared/atb_tree/2440k_fastas_concat/x0073/SAMN17506653.aln.fas
bacillus_a_mycoides	SAMN17054836	/nfs/research/jlees/shared/atb_tree/2440k_fastas_concat/x0073/SAMN17054836.aln.fas
serratia_nematodiphila	SAMN10149536	/nfs/research/jlees/shared/atb_tree/2440k_fastas_concat/x0053/SAMN10149536.aln.fas
citrobacter_werkmanii	SAMN10129703	/nfs/research/jlees/shared/atb_tree/2440k_fastas_concat/x0053/SAMN10129703.aln.fas
helicobacter_pylori	SAMN10053467	/nfs/research/jlees/shared/atb_tree/2440k_fastas_concat/x0053/SAMN10053467.aln.fas
salinibacter_ruber	SAMN13167395	/nfs/research/jlees/shared/atb_tree/2440k_fastas_concat/x0063/SAMN13167395.aln.fas
xanthomonas_arboricola	SAMN13172221	/nfs/research/jlees/shared/atb_tree/2440k_fastas_concat/x0063/SAMN13172221.aln.fas
bacillus_velezensis	SAMN13262482	/nfs/research/jlees/shared/atb_tree/2440k_fastas_concat/x0063/SAMN13262482.aln.fas
mammaliicoccus_lentus	SAMN31805546	/nfs/research/jlees/shared/atb_tree/2440k_fastas_concat/x0092/SAMN31805546.aln.fas
salmonella_houtenae	SAMN31461472	/nfs/research/jlees/shared/atb_tree/2440k_fastas_concat/x0092/SAMN31461472.aln.fas
staphylococcus_borealis	SAMN31805479	/nfs/research/jlees/shared/atb_tree/2440k_fastas_concat/x0092/SAMN31805479.aln.fas
vibrio_mediterranei	SAMN06299563	/nfs/research/jlees/shared/atb_tree/2440k_fastas_concat/x0042/SAMN06299563.aln.fas
enterococcus_d_casseliflavus	SAMN06163807	/nfs/research/jlees/shared/atb_tree/2440k_fastas_concat/x0042/SAMN06163807.aln.fas
sphingomonas_sp001421535	SAMEA8653389	/nfs/research/jlees/shared/atb_tree/2440k_fastas_concat/x0031/SAMEA8653389.aln.fas
vibrio_metschnikovii	SAMEA8271347	/nfs/research/jlees/shared/atb_tree/2440k_fastas_concat/x0031/SAMEA8271347.aln.fas
sphingomonas_aerolata	SAMEA8653536	/nfs/research/jlees/shared/atb_tree/2440k_fastas_concat/x0031/SAMEA8653536.aln.fas
sphingomonas_sp024072375	SAMEA8653444	/nfs/research/jlees/shared/atb_tree/2440k_fastas_concat/x0031/SAMEA8653444.aln.fas
pseudomonas_e_viridiflava	SAMEA8653849	/nfs/research/jlees/shared/atb_tree/2440k_fastas_concat/x0031/SAMEA8653849.aln.fas
vibrio_alginolyticus	SAMEA8204092	/nfs/research/jlees/shared/atb_tree/2440k_fastas_concat/x0031/SAMEA8204092.aln.fas
macrococcus_b_caseolyticus	SAMN08117953	/nfs/research/jlees/shared/atb_tree/2440k_fastas_concat/x0047/SAMN08117953.aln.fas
nocardia_cyriacigeorgica	SAMN08458168	/nfs/research/jlees/shared/atb_tree/2440k_fastas_concat/x0047/SAMN08458168.aln.fas
mycobacterium_marinum	SAMN08131125	/nfs/research/jlees/shared/atb_tree/2440k_fastas_concat/x0047/SAMN08131125.aln.fas
escherichia_ruysiae	SAMN08395599	/nfs/research/jlees/shared/atb_tree/2440k_fastas_concat/x0047/SAMN08395599.aln.fas
burkholderia_cenocepacia	SAMN18681451	/nfs/research/jlees/shared/atb_tree/2440k_fastas_concat/x0075/SAMN18681451.aln.fas
dichelobacter_nodosus	SAMN07125753	/nfs/research/jlees/shared/atb_tree/2440k_fastas_concat/x0043/SAMN07125753.aln.fas
morganella_morganii	SAMN06812616	/nfs/research/jlees/shared/atb_tree/2440k_fastas_concat/x0043/SAMN06812616.aln.fas
enterobacter_asburiae	SAMN06812669	/nfs/research/jlees/shared/atb_tree/2440k_fastas_concat/x0043/SAMN06812669.aln.fas
burkholderia_stabilis	SAMN23838568	/nfs/research/jlees/shared/atb_tree/2440k_fastas_concat/x0082/SAMN23838568.aln.fas
glaesserella_parasuis	SAMN30199141	/nfs/research/jlees/shared/atb_tree/2440k_fastas_concat/x0089/SAMN30199141.aln.fas
hafnia_paralvei	SAMN29982292	/nfs/research/jlees/shared/atb_tree/2440k_fastas_concat/x0089/SAMN29982292.aln.fas
treponema_pallidum	SAMN30221394	/nfs/research/jlees/shared/atb_tree/2440k_fastas_concat/x0089/SAMN30221394.aln.fas
acinetobacter_baylyi	SAMN30089355	/nfs/research/jlees/shared/atb_tree/2440k_fastas_concat/x0089/SAMN30089355.aln.fas
staphylococcus_xylosus	SAMN30379306	/nfs/research/jlees/shared/atb_tree/2440k_fastas_concat/x0089/SAMN30379306.aln.fas
staphylococcus_simulans	SAMN30379285	/nfs/research/jlees/shared/atb_tree/2440k_fastas_concat/x0089/SAMN30379285.aln.fas
hafnia_alvei	SAMN29982337	/nfs/research/jlees/shared/atb_tree/2440k_fastas_concat/x0089/SAMN29982337.aln.fas
lactobacillus_johnsonii	SAMN29951144	/nfs/research/jlees/shared/atb_tree/2440k_fastas_concat/x0089/SAMN29951144.aln.fas
staphylococcus_delphini	SAMN30379164	/nfs/research/jlees/shared/atb_tree/2440k_fastas_concat/x0089/SAMN30379164.aln.fas
clostridium_f_botulinum	SAMN17597325	/nfs/research/jlees/shared/atb_tree/2440k_fastas_concat/x0074/SAMN17597325.aln.fas
serratia_bockelmannii	SAMN17965051	/nfs/research/jlees/shared/atb_tree/2440k_fastas_concat/x0074/SAMN17965051.aln.fas
neisseria_elongata	SAMN17958626	/nfs/research/jlees/shared/atb_tree/2440k_fastas_concat/x0074/SAMN17958626.aln.fas
citrobacter_a_farmeri	SAMN14125980	/nfs/research/jlees/shared/atb_tree/2440k_fastas_concat/x0066/SAMN14125980.aln.fas
mycobacterium_intracellulare	SAMN14112189	/nfs/research/jlees/shared/atb_tree/2440k_fastas_concat/x0066/SAMN14112189.aln.fas
pseudomonas_aeruginosa	SAMN14160423	/nfs/research/jlees/shared/atb_tree/2440k_fastas_concat/x0066/SAMN14160423.aln.fas
aeromonas_caviae	SAMN14147048	/nfs/research/jlees/shared/atb_tree/2440k_fastas_concat/x0066/SAMN14147048.aln.fas
rhizobium_rhizogenes	SAMN14165512	/nfs/research/jlees/shared/atb_tree/2440k_fastas_concat/x0066/SAMN14165512.aln.fas
listeria_a_booriae	SAMN14390034	/nfs/research/jlees/shared/atb_tree/2440k_fastas_concat/x0066/SAMN14390034.aln.fas
citrobacter_europaeus	SAMN14125877	/nfs/research/jlees/shared/atb_tree/2440k_fastas_concat/x0066/SAMN14125877.aln.fas
agrobacterium_fabacearum	SAMN14165546	/nfs/research/jlees/shared/atb_tree/2440k_fastas_concat/x0066/SAMN14165546.aln.fas
thermoanaerobacterium_aotearoense	SAMN03283732	/nfs/research/jlees/shared/atb_tree/2440k_fastas_concat/x0036/SAMN03283732.aln.fas
burkholderia_ubonensis	SAMN03449370	/nfs/research/jlees/shared/atb_tree/2440k_fastas_concat/x0036/SAMN03449370.aln.fas
limosilactobacillus_fermentum	SAMN03436212	/nfs/research/jlees/shared/atb_tree/2440k_fastas_concat/x0036/SAMN03436212.aln.fas
burkholderia_cepacia	SAMN03449174	/nfs/research/jlees/shared/atb_tree/2440k_fastas_concat/x0036/SAMN03449174.aln.fas
pseudonocardia_sp001294645	SAMN14595985	/nfs/research/jlees/shared/atb_tree/2440k_fastas_concat/x0067/SAMN14595985.aln.fas
vibrio_vulnificus	SAMN14647119	/nfs/research/jlees/shared/atb_tree/2440k_fastas_concat/x0067/SAMN14647119.aln.fas
lacticaseibacillus_rhamnosus	SAMN21404607	/nfs/research/jlees/shared/atb_tree/2440k_fastas_concat/x0080/SAMN21404607.aln.fas
mesorhizobium_sp006442685	SAMN21447776	/nfs/research/jlees/shared/atb_tree/2440k_fastas_concat/x0080/SAMN21447776.aln.fas
campylobacter_d_lari	SAMN21363082	/nfs/research/jlees/shared/atb_tree/2440k_fastas_concat/x0080/SAMN21363082.aln.fas
helicobacter_pylori_bu	SAMN21591822	/nfs/research/jlees/shared/atb_tree/2440k_fastas_concat/x0080/SAMN21591822.aln.fas
xanthomonas_euvesicatoria	SAMN16476251	/nfs/research/jlees/shared/atb_tree/2440k_fastas_concat/x0071/SAMN16476251.aln.fas
bacillus_a_mobilis	SAMN16279223	/nfs/research/jlees/shared/atb_tree/2440k_fastas_concat/x0071/SAMN16279223.aln.fas
bacillus_a_cereus	SAMN16279012	/nfs/research/jlees/shared/atb_tree/2440k_fastas_concat/x0071/SAMN16279012.aln.fas
pasteurella_multocida	SAMN16333146	/nfs/research/jlees/shared/atb_tree/2440k_fastas_concat/x0071/SAMN16333146.aln.fas
cutibacterium_acnes	SAMN32957551	/nfs/research/jlees/shared/atb_tree/2440k_fastas_concat/x0094/SAMN32957551.aln.fas
klebsiella_michiganensis	SAMN32973307	/nfs/research/jlees/shared/atb_tree/2440k_fastas_concat/x0094/SAMN32973307.aln.fas
serratia_nevei	SAMN32721481	/nfs/research/jlees/shared/atb_tree/2440k_fastas_concat/x0094/SAMN32721481.aln.fas
ornithobacterium_rhinotracheale	SAMN11041517	/nfs/research/jlees/shared/atb_tree/2440k_fastas_concat/x0056/SAMN11041517.aln.fas
listeria_monocytogenes	SAMN11030427	/nfs/research/jlees/shared/atb_tree/2440k_fastas_concat/x0056/SAMN11030427.aln.fas
pseudomonas_e_shahriarae	SAMN10992015	/nfs/research/jlees/shared/atb_tree/2440k_fastas_concat/x0056/SAMN10992015.aln.fas
pseudomonas_e_paracarnis	SAMN10992013	/nfs/research/jlees/shared/atb_tree/2440k_fastas_concat/x0056/SAMN10992013.aln.fas
citrobacter_a_rodentium	SAMN31039799	/nfs/research/jlees/shared/atb_tree/2440k_fastas_concat/x0091/SAMN31039799.aln.fas
bacteroides_thetaiotaomicron	SAMN31238667	/nfs/research/jlees/shared/atb_tree/2440k_fastas_concat/x0091/SAMN31238667.aln.fas
enterococcus_b_pernyi	SAMN12821510	/nfs/research/jlees/shared/atb_tree/2440k_fastas_concat/x0062/SAMN12821510.aln.fas
streptococcus_salivarius	SAMN04480045	/nfs/research/jlees/shared/atb_tree/2440k_fastas_concat/x0038/SAMN04480045.aln.fas
oenococcus_oeni	SAMN04297004	/nfs/research/jlees/shared/atb_tree/2440k_fastas_concat/x0038/SAMN04297004.aln.fas
rhizobium_leguminosarum	SAMN04457365	/nfs/research/jlees/shared/atb_tree/2440k_fastas_concat/x0038/SAMN04457365.aln.fas
salmonella_bongori	SAMN04507568	/nfs/research/jlees/shared/atb_tree/2440k_fastas_concat/x0038/SAMN04507568.aln.fas
yersinia_ruckeri	SAMN04320415	/nfs/research/jlees/shared/atb_tree/2440k_fastas_concat/x0038/SAMN04320415.aln.fas
burkholderia_vietnamiensis	SAMN08627957	/nfs/research/jlees/shared/atb_tree/2440k_fastas_concat/x0048/SAMN08627957.aln.fas
bordetella_pertussis	SAMN08524480	/nfs/research/jlees/shared/atb_tree/2440k_fastas_concat/x0048/SAMN08524480.aln.fas
bacillus_a_paranthracis	SAMN08685579	/nfs/research/jlees/shared/atb_tree/2440k_fastas_concat/x0048/SAMN08685579.aln.fas
cronobacter_sakazakii	SAMN08611287	/nfs/research/jlees/shared/atb_tree/2440k_fastas_concat/x0048/SAMN08611287.aln.fas
taylorella_equigenitalis	SAMN08630195	/nfs/research/jlees/shared/atb_tree/2440k_fastas_concat/x0048/SAMN08630195.aln.fas
enterococcus_b_faecium	SAMN08596086	/nfs/research/jlees/shared/atb_tree/2440k_fastas_concat/x0048/SAMN08596086.aln.fas
burkholderia_multivorans	SAMN08628008	/nfs/research/jlees/shared/atb_tree/2440k_fastas_concat/x0048/SAMN08628008.aln.fas
streptococcus_pyogenes	SAMN08690792	/nfs/research/jlees/shared/atb_tree/2440k_fastas_concat/x0048/SAMN08690792.aln.fas
corynebacterium_ulcerans	SAMEA8897376	/nfs/research/jlees/shared/atb_tree/2440k_fastas_concat/x0032/SAMEA8897376.aln.fas
chlamydophila_abortus	SAMEA893066	/nfs/research/jlees/shared/atb_tree/2440k_fastas_concat/x0032/SAMEA893066.aln.fas
proteus_mirabilis	SAMN33601568	/nfs/research/jlees/shared/atb_tree/2440k_fastas_concat/x0095/SAMN33601568.aln.fas
listeria_grayi	SAMN33566033	/nfs/research/jlees/shared/atb_tree/2440k_fastas_concat/x0095/SAMN33566033.aln.fas
gallibacterium_anatis	SAMN33479745	/nfs/research/jlees/shared/atb_tree/2440k_fastas_concat/x0095/SAMN33479745.aln.fas
enterobacter_hormaechei	SAMN33797057	/nfs/research/jlees/shared/atb_tree/2440k_fastas_concat/x0095/SAMN33797057.aln.fas
lactiplantibacillus_plantarum	SAMN13508503	/nfs/research/jlees/shared/atb_tree/2440k_fastas_concat/x0064/SAMN13508503.aln.fas
listeria_welshimeri	SAMN26677376	/nfs/research/jlees/shared/atb_tree/2440k_fastas_concat/x0085/SAMN26677376.aln.fas
enterobacter_sichuanensis	SAMN26796517	/nfs/research/jlees/shared/atb_tree/2440k_fastas_concat/x0085/SAMN26796517.aln.fas
staphylococcus_chromogenes	SAMN27023808	/nfs/research/jlees/shared/atb_tree/2440k_fastas_concat/x0085/SAMN27023808.aln.fas
corynebacterium_diphtheriae	SAMN26794538	/nfs/research/jlees/shared/atb_tree/2440k_fastas_concat/x0085/SAMN26794538.aln.fas
bifidobacterium_animalis	SAMN26902194	/nfs/research/jlees/shared/atb_tree/2440k_fastas_concat/x0085/SAMN26902194.aln.fas
stutzerimonas_stutzeri	SAMN30525620	/nfs/research/jlees/shared/atb_tree/2440k_fastas_concat/x0090/SAMN30525620.aln.fas
enterobacter_chengduensis	SAMN30417275	/nfs/research/jlees/shared/atb_tree/2440k_fastas_concat/x0090/SAMN30417275.aln.fas
acinetobacter_johnsonii	SAMN30525226	/nfs/research/jlees/shared/atb_tree/2440k_fastas_concat/x0090/SAMN30525226.aln.fas
wolbachia_pipientis	SAMN03996801	/nfs/research/jlees/shared/atb_tree/2440k_fastas_concat/x0037/SAMN03996801.aln.fas
vibrio_harveyi	SAMN03996325	/nfs/research/jlees/shared/atb_tree/2440k_fastas_concat/x0037/SAMN03996325.aln.fas
klebsiella_aerogenes	SAMN04252931	/nfs/research/jlees/shared/atb_tree/2440k_fastas_concat/x0037/SAMN04252931.aln.fas
bifidobacterium_breve	SAMN20502717	/nfs/research/jlees/shared/atb_tree/2440k_fastas_concat/x0079/SAMN20502717.aln.fas
streptococcus_suis_p	SAMN20751199	/nfs/research/jlees/shared/atb_tree/2440k_fastas_concat/x0079/SAMN20751199.aln.fas
streptococcus_suis_w	SAMN20751155	/nfs/research/jlees/shared/atb_tree/2440k_fastas_concat/x0079/SAMN20751155.aln.fas
aliivibrio_fischeri	SAMN00120228	/nfs/research/jlees/shared/atb_tree/2440k_fastas_concat/x0033/SAMN00120228.aln.fas
pseudomonas_e_juntendi	SAMEA9800735	/nfs/research/jlees/shared/atb_tree/2440k_fastas_concat/x0033/SAMEA9800735.aln.fas
leptospira_interrogans	SAMN01047857	/nfs/research/jlees/shared/atb_tree/2440k_fastas_concat/x0033/SAMN01047857.aln.fas
pseudomonas_e_amygdali	SAMN00002878	/nfs/research/jlees/shared/atb_tree/2440k_fastas_concat/x0033/SAMN00002878.aln.fas
actinobacillus_lignieresii	SAMEA9698970	/nfs/research/jlees/shared/atb_tree/2440k_fastas_concat/x0033/SAMEA9698970.aln.fas
clostridium_botulinum_a	SAMN02228324	/nfs/research/jlees/shared/atb_tree/2440k_fastas_concat/x0033/SAMN02228324.aln.fas
enterococcus_faecalis	SAMN00829106	/nfs/research/jlees/shared/atb_tree/2440k_fastas_concat/x0033/SAMN00829106.aln.fas
lactobacillus_crispatus	SAMN00829395	/nfs/research/jlees/shared/atb_tree/2440k_fastas_concat/x0033/SAMN00829395.aln.fas
campylobacter_d_coli_a	SAMEA970816	/nfs/research/jlees/shared/atb_tree/2440k_fastas_concat/x0033/SAMEA970816.aln.fas
bacillus_a_toyonensis	SAMN00768210	/nfs/research/jlees/shared/atb_tree/2440k_fastas_concat/x0033/SAMN00768210.aln.fas
xanthomonas_phaseoli	SAMN01090311	/nfs/research/jlees/shared/atb_tree/2440k_fastas_concat/x0033/SAMN01090311.aln.fas
helicobacter_pylori_c	SAMN00777116	/nfs/research/jlees/shared/atb_tree/2440k_fastas_concat/x0033/SAMN00777116.aln.fas
vibrio_fluvialis	SAMN20090619	/nfs/research/jlees/shared/atb_tree/2440k_fastas_concat/x0078/SAMN20090619.aln.fas
histophilus_somni	SAMN20204780	/nfs/research/jlees/shared/atb_tree/2440k_fastas_concat/x0078/SAMN20204780.aln.fas
vibrio_parahaemolyticus	SAMN20353137	/nfs/research/jlees/shared/atb_tree/2440k_fastas_concat/x0078/SAMN20353137.aln.fas
streptococcus_pneumoniae	SAMN20332637	/nfs/research/jlees/shared/atb_tree/2440k_fastas_concat/x0078/SAMN20332637.aln.fas
coxiella_burnetii	SAMN08029049	/nfs/research/jlees/shared/atb_tree/2440k_fastas_concat/x0046/SAMN08029049.aln.fas
salmonella_arizonae	SAMN07812675	/nfs/research/jlees/shared/atb_tree/2440k_fastas_concat/x0046/SAMN07812675.aln.fas
borreliella_burgdorferi	SAMN08049225	/nfs/research/jlees/shared/atb_tree/2440k_fastas_concat/x0046/SAMN08049225.aln.fas
legionella_longbeachae	SAMN08005227	/nfs/research/jlees/shared/atb_tree/2440k_fastas_concat/x0046/SAMN08005227.aln.fas
pectobacterium_brasiliense	SAMN15660313	/nfs/research/jlees/shared/atb_tree/2440k_fastas_concat/x0069/SAMN15660313.aln.fas
mycoplasmoides_pneumoniae	SAMN15500026	/nfs/research/jlees/shared/atb_tree/2440k_fastas_concat/x0069/SAMN15500026.aln.fas
staphylococcus_ureilyticus	SAMN15636421	/nfs/research/jlees/shared/atb_tree/2440k_fastas_concat/x0069/SAMN15636421.aln.fas
ruegeria_b_pomeroyi	SAMN04939668	/nfs/research/jlees/shared/atb_tree/2440k_fastas_concat/x0039/SAMN04939668.aln.fas
elizabethkingia_anophelis	SAMN04913782	/nfs/research/jlees/shared/atb_tree/2440k_fastas_concat/x0039/SAMN04913782.aln.fas
mycobacterium_fortuitum	SAMN04634207	/nfs/research/jlees/shared/atb_tree/2440k_fastas_concat/x0039/SAMN04634207.aln.fas
pseudomonas_e_avellanae	SAMN04943037	/nfs/research/jlees/shared/atb_tree/2440k_fastas_concat/x0039/SAMN04943037.aln.fas
clostridioides_difficile	SAMN04848436	/nfs/research/jlees/shared/atb_tree/2440k_fastas_concat/x0039/SAMN04848436.aln.fas
tatlockia_micdadei	SAMN11930393	/nfs/research/jlees/shared/atb_tree/2440k_fastas_concat/x0058/SAMN11930393.aln.fas
lacticaseibacillus_paracasei	SAMN11812296	/nfs/research/jlees/shared/atb_tree/2440k_fastas_concat/x0058/SAMN11812296.aln.fas
phocaeicola_vulgatus	SAMN11847170	/nfs/research/jlees/shared/atb_tree/2440k_fastas_concat/x0058/SAMN11847170.aln.fas
bifidobacterium_bifidum	SAMN11847657	/nfs/research/jlees/shared/atb_tree/2440k_fastas_concat/x0058/SAMN11847657.aln.fas
citrobacter_freundii	SAMN11506044	/nfs/research/jlees/shared/atb_tree/2440k_fastas_concat/x0058/SAMN11506044.aln.fas
clostridium_f_sporogenes	SAMN11521159	/nfs/research/jlees/shared/atb_tree/2440k_fastas_concat/x0058/SAMN11521159.aln.fas
bifidobacterium_longum	SAMN11847997	/nfs/research/jlees/shared/atb_tree/2440k_fastas_concat/x0058/SAMN11847997.aln.fas
turicibacter_sanguinis	SAMN11849465	/nfs/research/jlees/shared/atb_tree/2440k_fastas_concat/x0058/SAMN11849465.aln.fas
alistipes_onderdonkii	SAMN11846373	/nfs/research/jlees/shared/atb_tree/2440k_fastas_concat/x0058/SAMN11846373.aln.fas
bacteroides_ovatus	SAMN11846785	/nfs/research/jlees/shared/atb_tree/2440k_fastas_concat/x0058/SAMN11846785.aln.fas
xanthomonas_hortorum	SAMN11490885	/nfs/research/jlees/shared/atb_tree/2440k_fastas_concat/x0058/SAMN11490885.aln.fas
yersinia_alsatica	SAMN11581138	/nfs/research/jlees/shared/atb_tree/2440k_fastas_concat/x0058/SAMN11581138.aln.fas
streptococcus_suis	SAMN11854173	/nfs/research/jlees/shared/atb_tree/2440k_fastas_concat/x0058/SAMN11854173.aln.fas
bacteroides_uniformis	SAMN11847083	/nfs/research/jlees/shared/atb_tree/2440k_fastas_concat/x0058/SAMN11847083.aln.fas
clostridium_cagae	SAMN11520893	/nfs/research/jlees/shared/atb_tree/2440k_fastas_concat/x0058/SAMN11520893.aln.fas
bifidobacterium_adolescentis	SAMN11847506	/nfs/research/jlees/shared/atb_tree/2440k_fastas_concat/x0058/SAMN11847506.aln.fas
bacteroides_xylanisolvens	SAMN11847331	/nfs/research/jlees/shared/atb_tree/2440k_fastas_concat/x0058/SAMN11847331.aln.fas
akkermansia_sp004167605	SAMN11846132	/nfs/research/jlees/shared/atb_tree/2440k_fastas_concat/x0058/SAMN11846132.aln.fas
bacteroides_fragilis	SAMN11846613	/nfs/research/jlees/shared/atb_tree/2440k_fastas_concat/x0058/SAMN11846613.aln.fas
escherichia_coli	SAMEA1030087	/nfs/research/jlees/shared/atb_tree/2440k_fastas_concat/x0001_to_x0029/SAMEA1030087.aln.fas
campylobacter_sp002139915	SAMEA2237728	/nfs/research/jlees/shared/atb_tree/2440k_fastas_concat/x0001_to_x0029/SAMEA2237728.aln.fas
legionella_fraseri	SAMD00166307	/nfs/research/jlees/shared/atb_tree/2440k_fastas_concat/x0001_to_x0029/SAMD00166307.aln.fas
haemophilus_haemolyticus	SAMEA5380345	/nfs/research/jlees/shared/atb_tree/2440k_fastas_concat/x0001_to_x0029/SAMEA5380345.aln.fas
neisseria_lactamica	SAMEA104417010	/nfs/research/jlees/shared/atb_tree/2440k_fastas_concat/x0001_to_x0029/SAMEA104417010.aln.fas
providencia_c_stuartii	SAMEA5419236	/nfs/research/jlees/shared/atb_tree/2440k_fastas_concat/x0001_to_x0029/SAMEA5419236.aln.fas
streptococcus_uberis	SAMEA3462283	/nfs/research/jlees/shared/atb_tree/2440k_fastas_concat/x0001_to_x0029/SAMEA3462283.aln.fas
corynebacterium_glutamicum	SAMD00108073	/nfs/research/jlees/shared/atb_tree/2440k_fastas_concat/x0001_to_x0029/SAMD00108073.aln.fas
klebsiella_quasipneumoniae	SAMEA104590422	/nfs/research/jlees/shared/atb_tree/2440k_fastas_concat/x0001_to_x0029/SAMEA104590422.aln.fas
streptococcus_dysgalactiae	SAMEA6542990	/nfs/research/jlees/shared/atb_tree/2440k_fastas_concat/x0001_to_x0029/SAMEA6542990.aln.fas
escherichia_albertii	SAMD00164093	/nfs/research/jlees/shared/atb_tree/2440k_fastas_concat/x0001_to_x0029/SAMD00164093.aln.fas
stenotrophomonas_maltophilia_q	SAMEA5585360	/nfs/research/jlees/shared/atb_tree/2440k_fastas_concat/x0001_to_x0029/SAMEA5585360.aln.fas
serratia_entomophila	SAMEA4857377	/nfs/research/jlees/shared/atb_tree/2440k_fastas_concat/x0001_to_x0029/SAMEA4857377.aln.fas
neisseria_perflava	SAMEA4362508	/nfs/research/jlees/shared/atb_tree/2440k_fastas_concat/x0001_to_x0029/SAMEA4362508.aln.fas
campylobacter_d_jejuni_a	SAMEA6788449	/nfs/research/jlees/shared/atb_tree/2440k_fastas_concat/x0001_to_x0029/SAMEA6788449.aln.fas
escherichia_marmotae	SAMEA6656358	/nfs/research/jlees/shared/atb_tree/2440k_fastas_concat/x0001_to_x0029/SAMEA6656358.aln.fas
achromobacter_xylosoxidans	SAMEA7025186	/nfs/research/jlees/shared/atb_tree/2440k_fastas_concat/x0001_to_x0029/SAMEA7025186.aln.fas
bifidobacterium_pseudocatenulatum	SAMEA104354232	/nfs/research/jlees/shared/atb_tree/2440k_fastas_concat/x0001_to_x0029/SAMEA104354232.aln.fas
streptococcus_gordonii	SAMEA104138586	/nfs/research/jlees/shared/atb_tree/2440k_fastas_concat/x0001_to_x0029/SAMEA104138586.aln.fas
acinetobacter_nosocomialis	SAMEA5162617	/nfs/research/jlees/shared/atb_tree/2440k_fastas_concat/x0001_to_x0029/SAMEA5162617.aln.fas
acinetobacter_baumannii	SAMEA54070918	/nfs/research/jlees/shared/atb_tree/2440k_fastas_concat/x0001_to_x0029/SAMEA54070918.aln.fas
helicobacter_c_cinaedi	SAMD00406381	/nfs/research/jlees/shared/atb_tree/2440k_fastas_concat/x0001_to_x0029/SAMD00406381.aln.fas
staphylococcus_argenteus	SAMEA104325265	/nfs/research/jlees/shared/atb_tree/2440k_fastas_concat/x0001_to_x0029/SAMEA104325265.aln.fas
paenibacillus_h_larvae	SAMEA3857232	/nfs/research/jlees/shared/atb_tree/2440k_fastas_concat/x0001_to_x0029/SAMEA3857232.aln.fas
paraclostridium_sordellii	SAMEA1572108	/nfs/research/jlees/shared/atb_tree/2440k_fastas_concat/x0001_to_x0029/SAMEA1572108.aln.fas
campylobacter_d_coli_b	SAMEA3683328	/nfs/research/jlees/shared/atb_tree/2440k_fastas_concat/x0001_to_x0029/SAMEA3683328.aln.fas
neisseria_gonorrhoeae	SAMEA104081346	/nfs/research/jlees/shared/atb_tree/2440k_fastas_concat/x0001_to_x0029/SAMEA104081346.aln.fas
haemophilus_influenzae	SAMEA6657623	/nfs/research/jlees/shared/atb_tree/2440k_fastas_concat/x0001_to_x0029/SAMEA6657623.aln.fas
neisseria_flavescens	SAMEA6516833	/nfs/research/jlees/shared/atb_tree/2440k_fastas_concat/x0001_to_x0029/SAMEA6516833.aln.fas
staphylococcus_lugdunensis	SAMEA111504556	/nfs/research/jlees/shared/atb_tree/2440k_fastas_concat/x0001_to_x0029/SAMEA111504556.aln.fas
fusobacterium_c_necrophorum	SAMEA112373753	/nfs/research/jlees/shared/atb_tree/2440k_fastas_concat/x0001_to_x0029/SAMEA112373753.aln.fas
citrobacter_a_sedlakii	SAMEA10300267	/nfs/research/jlees/shared/atb_tree/2440k_fastas_concat/x0001_to_x0029/SAMEA10300267.aln.fas
stenotrophomonas_indicatrix	SAMEA5585220	/nfs/research/jlees/shared/atb_tree/2440k_fastas_concat/x0001_to_x0029/SAMEA5585220.aln.fas
pseudomonas_aeruginosa_a	SAMEA7391788	/nfs/research/jlees/shared/atb_tree/2440k_fastas_concat/x0001_to_x0029/SAMEA7391788.aln.fas
leptospira_kirschneri	SAMEA5168179	/nfs/research/jlees/shared/atb_tree/2440k_fastas_concat/x0001_to_x0029/SAMEA5168179.aln.fas
stenotrophomonas_pavanii	SAMEA5584752	/nfs/research/jlees/shared/atb_tree/2440k_fastas_concat/x0001_to_x0029/SAMEA5584752.aln.fas
pseudomonas_f_otitidis	SAMD00194330	/nfs/research/jlees/shared/atb_tree/2440k_fastas_concat/x0001_to_x0029/SAMD00194330.aln.fas
haemophilus_d_parainfluenzae_j	SAMEA6653870	/nfs/research/jlees/shared/atb_tree/2440k_fastas_concat/x0001_to_x0029/SAMEA6653870.aln.fas
streptococcus_pseudopneumoniae	SAMEA6500345	/nfs/research/jlees/shared/atb_tree/2440k_fastas_concat/x0001_to_x0029/SAMEA6500345.aln.fas
streptococcus_canis	SAMEA110455963	/nfs/research/jlees/shared/atb_tree/2440k_fastas_concat/x0001_to_x0029/SAMEA110455963.aln.fas
limosilactobacillus_reuteri	SAMEA2393005	/nfs/research/jlees/shared/atb_tree/2440k_fastas_concat/x0001_to_x0029/SAMEA2393005.aln.fas
stenotrophomonas_sepilia	SAMEA5855189	/nfs/research/jlees/shared/atb_tree/2440k_fastas_concat/x0001_to_x0029/SAMEA5855189.aln.fas
bacillus_licheniformis	SAMEA5875855	/nfs/research/jlees/shared/atb_tree/2440k_fastas_concat/x0001_to_x0029/SAMEA5875855.aln.fas
chlamydia_trachomatis	SAMEA2189000	/nfs/research/jlees/shared/atb_tree/2440k_fastas_concat/x0001_to_x0029/SAMEA2189000.aln.fas
stenotrophomonas_maltophilia_a	SAMD00028880	/nfs/research/jlees/shared/atb_tree/2440k_fastas_concat/x0001_to_x0029/SAMD00028880.aln.fas
streptococcus_agalactiae	SAMEA6462393	/nfs/research/jlees/shared/atb_tree/2440k_fastas_concat/x0001_to_x0029/SAMEA6462393.aln.fas
erysipelothrix_rhusiopathiae	SAMEA6567013	/nfs/research/jlees/shared/atb_tree/2440k_fastas_concat/x0001_to_x0029/SAMEA6567013.aln.fas
stenotrophomonas_maltophilia_f	SAMD00320801	/nfs/research/jlees/shared/atb_tree/2440k_fastas_concat/x0001_to_x0029/SAMD00320801.aln.fas
staphylococcus_coagulans	SAMEA6511083	/nfs/research/jlees/shared/atb_tree/2440k_fastas_concat/x0001_to_x0029/SAMEA6511083.aln.fas
acinetobacter_bereziniae	SAMEA5799155	/nfs/research/jlees/shared/atb_tree/2440k_fastas_concat/x0001_to_x0029/SAMEA5799155.aln.fas
klebsiella_pneumoniae	SAMEA6368469	/nfs/research/jlees/shared/atb_tree/2440k_fastas_concat/x0001_to_x0029/SAMEA6368469.aln.fas
streptococcus_mutans	SAMEA2437833	/nfs/research/jlees/shared/atb_tree/2440k_fastas_concat/x0001_to_x0029/SAMEA2437833.aln.fas
sarcina_perfringens	SAMEA4384526	/nfs/research/jlees/shared/atb_tree/2440k_fastas_concat/x0001_to_x0029/SAMEA4384526.aln.fas
pseudomonas_e_glycinae	SAMEA103924535	/nfs/research/jlees/shared/atb_tree/2440k_fastas_concat/x0001_to_x0029/SAMEA103924535.aln.fas
burkholderia_orbicola	SAMEA5613912	/nfs/research/jlees/shared/atb_tree/2440k_fastas_concat/x0001_to_x0029/SAMEA5613912.aln.fas
serratia_marcescens_k	SAMEA2273918	/nfs/research/jlees/shared/atb_tree/2440k_fastas_concat/x0001_to_x0029/SAMEA2273918.aln.fas
klebsiella_africana	SAMEA10302399	/nfs/research/jlees/shared/atb_tree/2440k_fastas_concat/x0001_to_x0029/SAMEA10302399.aln.fas
enterobacter_bugandensis	SAMD00052613	/nfs/research/jlees/shared/atb_tree/2440k_fastas_concat/x0001_to_x0029/SAMD00052613.aln.fas
klebsiella_oxytoca	SAMEA5049916	/nfs/research/jlees/shared/atb_tree/2440k_fastas_concat/x0001_to_x0029/SAMEA5049916.aln.fas
mycobacterium_smegmatis	SAMEA110188658	/nfs/research/jlees/shared/atb_tree/2440k_fastas_concat/x0001_to_x0029/SAMEA110188658.aln.fas
aeromonas_dhakensis	SAMEA104148106	/nfs/research/jlees/shared/atb_tree/2440k_fastas_concat/x0001_to_x0029/SAMEA104148106.aln.fas
campylobacter_d_coli	SAMEA3683046	/nfs/research/jlees/shared/atb_tree/2440k_fastas_concat/x0001_to_x0029/SAMEA3683046.aln.fas
pseudoalteromonas_nigrifaciens	SAMEA14358192	/nfs/research/jlees/shared/atb_tree/2440k_fastas_concat/x0001_to_x0029/SAMEA14358192.aln.fas
aeromonas_enteropelogenes	SAMEA2051514	/nfs/research/jlees/shared/atb_tree/2440k_fastas_concat/x0001_to_x0029/SAMEA2051514.aln.fas
aeromonas_veronii	SAMEA7225589	/nfs/research/jlees/shared/atb_tree/2440k_fastas_concat/x0001_to_x0029/SAMEA7225589.aln.fas
staphylococcus_aureus	SAMEA2361085	/nfs/research/jlees/shared/atb_tree/2440k_fastas_concat/x0001_to_x0029/SAMEA2361085.aln.fas
streptococcus_sanguinis	SAMEA5192282	/nfs/research/jlees/shared/atb_tree/2440k_fastas_concat/x0001_to_x0029/SAMEA5192282.aln.fas
porphyromonas_gingivalis	SAMEA104054998	/nfs/research/jlees/shared/atb_tree/2440k_fastas_concat/x0001_to_x0029/SAMEA104054998.aln.fas
vibrio_anguillarum	SAMEA6611069	/nfs/research/jlees/shared/atb_tree/2440k_fastas_concat/x0001_to_x0029/SAMEA6611069.aln.fas
neisseria_bergeri	SAMEA4542444	/nfs/research/jlees/shared/atb_tree/2440k_fastas_concat/x0001_to_x0029/SAMEA4542444.aln.fas
pseudomonas_e_alloputida	SAMEA4361498	/nfs/research/jlees/shared/atb_tree/2440k_fastas_concat/x0001_to_x0029/SAMEA4361498.aln.fas
neisseria_polysaccharea	SAMEA1402102	/nfs/research/jlees/shared/atb_tree/2440k_fastas_concat/x0001_to_x0029/SAMEA1402102.aln.fas
clostridium_beijerinckii	SAMEA13788435	/nfs/research/jlees/shared/atb_tree/2440k_fastas_concat/x0001_to_x0029/SAMEA13788435.aln.fas
moraxella_catarrhalis	SAMEA4620285	/nfs/research/jlees/shared/atb_tree/2440k_fastas_concat/x0001_to_x0029/SAMEA4620285.aln.fas
chlamydophila_pecorum	SAMEA1100938	/nfs/research/jlees/shared/atb_tree/2440k_fastas_concat/x0001_to_x0029/SAMEA1100938.aln.fas
metamycoplasma_hominis	SAMEA4033190	/nfs/research/jlees/shared/atb_tree/2440k_fastas_concat/x0001_to_x0029/SAMEA4033190.aln.fas
bordetella_hinzii	SAMEA2015838	/nfs/research/jlees/shared/atb_tree/2440k_fastas_concat/x0001_to_x0029/SAMEA2015838.aln.fas
burkholderia_sp002223185	SAMEA3750662	/nfs/research/jlees/shared/atb_tree/2440k_fastas_concat/x0001_to_x0029/SAMEA3750662.aln.fas
achromobacter_ruhlandii	SAMEA7025207	/nfs/research/jlees/shared/atb_tree/2440k_fastas_concat/x0001_to_x0029/SAMEA7025207.aln.fas
citrobacter_b_koseri	SAMEA6656823	/nfs/research/jlees/shared/atb_tree/2440k_fastas_concat/x0001_to_x0029/SAMEA6656823.aln.fas
enterobacter_asburiae_b	SAMD00548635	/nfs/research/jlees/shared/atb_tree/2440k_fastas_concat/x0001_to_x0029/SAMD00548635.aln.fas
streptococcus_anginosus	SAMEA3319397	/nfs/research/jlees/shared/atb_tree/2440k_fastas_concat/x0001_to_x0029/SAMEA3319397.aln.fas
streptococcus_equi	SAMEA1032896	/nfs/research/jlees/shared/atb_tree/2440k_fastas_concat/x0001_to_x0029/SAMEA1032896.aln.fas
serratia_j_liquefaciens	SAMEA4857266	/nfs/research/jlees/shared/atb_tree/2440k_fastas_concat/x0001_to_x0029/SAMEA4857266.aln.fas
burkholderia_gladioli	SAMEA4417446	/nfs/research/jlees/shared/atb_tree/2440k_fastas_concat/x0001_to_x0029/SAMEA4417446.aln.fas
mycobacterium_chelonae	SAMEA2259708	/nfs/research/jlees/shared/atb_tree/2440k_fastas_concat/x0001_to_x0029/SAMEA2259708.aln.fas
mycobacterium_tuberculosis	SAMEA2297135	/nfs/research/jlees/shared/atb_tree/2440k_fastas_concat/x0001_to_x0029/SAMEA2297135.aln.fas
klebsiella_terrigena	SAMEA6372306	/nfs/research/jlees/shared/atb_tree/2440k_fastas_concat/x0001_to_x0029/SAMEA6372306.aln.fas
streptococcus_oralis	SAMEA104138620	/nfs/research/jlees/shared/atb_tree/2440k_fastas_concat/x0001_to_x0029/SAMEA104138620.aln.fas
mycobacterium_abscessus	SAMEA7027485	/nfs/research/jlees/shared/atb_tree/2440k_fastas_concat/x0001_to_x0029/SAMEA7027485.aln.fas
burkholderia_mallei	SAMEA6625158	/nfs/research/jlees/shared/atb_tree/2440k_fastas_concat/x0001_to_x0029/SAMEA6625158.aln.fas
serratia_ureilytica	SAMEA110422915	/nfs/research/jlees/shared/atb_tree/2440k_fastas_concat/x0001_to_x0029/SAMEA110422915.aln.fas
staphylococcus_epidermidis	SAMEA5634071	/nfs/research/jlees/shared/atb_tree/2440k_fastas_concat/x0001_to_x0029/SAMEA5634071.aln.fas
bradyrhizobium_diazoefficiens	SAMD00079847	/nfs/research/jlees/shared/atb_tree/2440k_fastas_concat/x0001_to_x0029/SAMD00079847.aln.fas
citrobacter_youngae	SAMEA4533690	/nfs/research/jlees/shared/atb_tree/2440k_fastas_concat/x0001_to_x0029/SAMEA4533690.aln.fas
bacillus_subtilis	SAMD00163110	/nfs/research/jlees/shared/atb_tree/2440k_fastas_concat/x0001_to_x0029/SAMD00163110.aln.fas
pseudomonas_e_monteilii	SAMD00492943	/nfs/research/jlees/shared/atb_tree/2440k_fastas_concat/x0001_to_x0029/SAMD00492943.aln.fas
leptospira_borgpetersenii	SAMEA5168221	/nfs/research/jlees/shared/atb_tree/2440k_fastas_concat/x0001_to_x0029/SAMEA5168221.aln.fas
yersinia_pestis	SAMEA4011191	/nfs/research/jlees/shared/atb_tree/2440k_fastas_concat/x0001_to_x0029/SAMEA4011191.aln.fas
klebsiella_ornithinolytica	SAMD00492936	/nfs/research/jlees/shared/atb_tree/2440k_fastas_concat/x0001_to_x0029/SAMD00492936.aln.fas
klebsiella_variicola	SAMEA4949590	/nfs/research/jlees/shared/atb_tree/2440k_fastas_concat/x0001_to_x0029/SAMEA4949590.aln.fas
neisseria_meningitidis	SAMEA1523214	/nfs/research/jlees/shared/atb_tree/2440k_fastas_concat/x0001_to_x0029/SAMEA1523214.aln.fas
stenotrophomonas_geniculata	SAMEA5584990	/nfs/research/jlees/shared/atb_tree/2440k_fastas_concat/x0001_to_x0029/SAMEA5584990.aln.fas
vibrio_cholerae	SAMEA103920828	/nfs/research/jlees/shared/atb_tree/2440k_fastas_concat/x0001_to_x0029/SAMEA103920828.aln.fas
enterobacter_roggenkampii	SAMD00502260	/nfs/research/jlees/shared/atb_tree/2440k_fastas_concat/x0001_to_x0029/SAMD00502260.aln.fas
staphylococcus_capitis	SAMEA14106122	/nfs/research/jlees/shared/atb_tree/2440k_fastas_concat/x0001_to_x0029/SAMEA14106122.aln.fas
thermus_thermophilus	SAMD00269940	/nfs/research/jlees/shared/atb_tree/2440k_fastas_concat/x0001_to_x0029/SAMD00269940.aln.fas
acinetobacter_haemolyticus	SAMEA6167322	/nfs/research/jlees/shared/atb_tree/2440k_fastas_concat/x0001_to_x0029/SAMEA6167322.aln.fas
staphylococcus_warneri	SAMEA5374662	/nfs/research/jlees/shared/atb_tree/2440k_fastas_concat/x0001_to_x0029/SAMEA5374662.aln.fas
priestia_megaterium	SAMEA1406349	/nfs/research/jlees/shared/atb_tree/2440k_fastas_concat/x0001_to_x0029/SAMEA1406349.aln.fas
mannheimia_haemolytica	SAMN05326232	/nfs/research/jlees/shared/atb_tree/2440k_fastas_concat/x0040/SAMN05326232.aln.fas
staphylococcus_hominis	SAMN05446790	/nfs/research/jlees/shared/atb_tree/2440k_fastas_concat/x0040/SAMN05446790.aln.fas
hungateiclostridium_thermocellum	SAMN05444575	/nfs/research/jlees/shared/atb_tree/2440k_fastas_concat/x0040/SAMN05444575.aln.fas
campylobacter_hyointestinalis	SAMN05421691	/nfs/research/jlees/shared/atb_tree/2440k_fastas_concat/x0040/SAMN05421691.aln.fas
borreliella_garinii	SAMN05328490	/nfs/research/jlees/shared/atb_tree/2440k_fastas_concat/x0040/SAMN05328490.aln.fas
citrobacter_a_amalonaticus	SAMN03272085	/nfs/research/jlees/shared/atb_tree/2440k_fastas_concat/x0035/SAMN03272085.aln.fas
corynebacterium_striatum	SAMN03197788	/nfs/research/jlees/shared/atb_tree/2440k_fastas_concat/x0035/SAMN03197788.aln.fas
lactococcus_lactis	SAMN02982984	/nfs/research/jlees/shared/atb_tree/2440k_fastas_concat/x0035/SAMN02982984.aln.fas
campylobacter_d_concheus	SAMN09232435	/nfs/research/jlees/shared/atb_tree/2440k_fastas_concat/x0050/SAMN09232435.aln.fas
enterococcus_d_innesii	SAMN11456481	/nfs/research/jlees/shared/atb_tree/2440k_fastas_concat/x0057/SAMN11456481.aln.fas
staphylococcus_pseudintermedius	SAMN11288840	/nfs/research/jlees/shared/atb_tree/2440k_fastas_concat/x0057/SAMN11288840.aln.fas
mycoplasmopsis_agalactiae	SAMN11180680	/nfs/research/jlees/shared/atb_tree/2440k_fastas_concat/x0057/SAMN11180680.aln.fas
burkholderia_stagnalis	SAMN09073396	/nfs/research/jlees/shared/atb_tree/2440k_fastas_concat/x0049/SAMN09073396.aln.fas
streptococcus_iniae	SAMN09104501	/nfs/research/jlees/shared/atb_tree/2440k_fastas_concat/x0049/SAMN09104501.aln.fas
vibrio_diabolicus	SAMN09062735	/nfs/research/jlees/shared/atb_tree/2440k_fastas_concat/x0049/SAMN09062735.aln.fas
xanthomonas_cissicola	SAMN02469937	/nfs/research/jlees/shared/atb_tree/2440k_fastas_concat/x0034/SAMN02469937.aln.fas
micromonospora_arenicola	SAMN02745292	/nfs/research/jlees/shared/atb_tree/2440k_fastas_concat/x0034/SAMN02745292.aln.fas
bordetella_holmesii	SAMN02263912	/nfs/research/jlees/shared/atb_tree/2440k_fastas_concat/x0034/SAMN02263912.aln.fas
staphylococcus_haemolyticus	SAMN28165607	/nfs/research/jlees/shared/atb_tree/2440k_fastas_concat/x0086/SAMN28165607.aln.fas
enterococcus_e_cecorum	SAMN28608662	/nfs/research/jlees/shared/atb_tree/2440k_fastas_concat/x0087/SAMN28608662.aln.fas
enterobacter_cloacae	SAMN28744394	/nfs/research/jlees/shared/atb_tree/2440k_fastas_concat/x0087/SAMN28744394.aln.fas
vibrio_owensii	SAMN28767316	/nfs/research/jlees/shared/atb_tree/2440k_fastas_concat/x0087/SAMN28767316.aln.fas
clostridium_aq_innocuum	SAMN28597659	/nfs/research/jlees/shared/atb_tree/2440k_fastas_concat/x0087/SAMN28597659.aln.fas
serratia_marcescens	SAMN12250588	/nfs/research/jlees/shared/atb_tree/2440k_fastas_concat/x0059/SAMN12250588.aln.fas
lactobacillus_gasseri	SAMN12277457	/nfs/research/jlees/shared/atb_tree/2440k_fastas_concat/x0059/SAMN12277457.aln.fas
staphylococcus_cohnii	SAMN11962558	/nfs/research/jlees/shared/atb_tree/2440k_fastas_concat/x0059/SAMN11962558.aln.fas
streptomyces_anthocyanicus	SAMN12024808	/nfs/research/jlees/shared/atb_tree/2440k_fastas_concat/x0059/SAMN12024808.aln.fas
bacillus_a_bombysepticus	SAMN12147268	/nfs/research/jlees/shared/atb_tree/2440k_fastas_concat/x0059/SAMN12147268.aln.fas
stenotrophomonas_maltophilia_aj	SAMN12250957	/nfs/research/jlees/shared/atb_tree/2440k_fastas_concat/x0059/SAMN12250957.aln.fas
klebsiella_grimontii	SAMN12212125	/nfs/research/jlees/shared/atb_tree/2440k_fastas_concat/x0059/SAMN12212125.aln.fas
bacillus_a_thuringiensis_s	SAMN12147274	/nfs/research/jlees/shared/atb_tree/2440k_fastas_concat/x0059/SAMN12147274.aln.fas
listeria_monocytogenes_c	SAMN12175437	/nfs/research/jlees/shared/atb_tree/2440k_fastas_concat/x0059/SAMN12175437.aln.fas
mycoplasmoides_gallisepticum	SAMN07602166	/nfs/research/jlees/shared/atb_tree/2440k_fastas_concat/x0045/SAMN07602166.aln.fas
burkholderia_thailandensis	SAMN07621415	/nfs/research/jlees/shared/atb_tree/2440k_fastas_concat/x0045/SAMN07621415.aln.fas
sinorhizobium_meliloti	SAMN07640910	/nfs/research/jlees/shared/atb_tree/2440k_fastas_concat/x0045/SAMN07640910.aln.fas
bacillus_a_wiedmannii	SAMN07613345	/nfs/research/jlees/shared/atb_tree/2440k_fastas_concat/x0045/SAMN07613345.aln.fas
campylobacter_d_lari_c	SAMN12390256	/nfs/research/jlees/shared/atb_tree/2440k_fastas_concat/x0060/SAMN12390256.aln.fas
synechocystis_sp000284455	SAMN12364544	/nfs/research/jlees/shared/atb_tree/2440k_fastas_concat/x0060/SAMN12364544.aln.fas
sinorhizobium_medicae	SAMN10361171	/nfs/research/jlees/shared/atb_tree/2440k_fastas_concat/x0054/SAMN10361171.aln.fas
pseudomonas_e_fulva	SAMN10361727	/nfs/research/jlees/shared/atb_tree/2440k_fastas_concat/x0054/SAMN10361727.aln.fas
legionella_pneumophila	SAMN10374760	/nfs/research/jlees/shared/atb_tree/2440k_fastas_concat/x0054/SAMN10374760.aln.fas
vibrio_crassostreae	SAMN10362347	/nfs/research/jlees/shared/atb_tree/2440k_fastas_concat/x0054/SAMN10362347.aln.fas
protochlamydia_amoebophila	SAMN18797474	/nfs/research/jlees/shared/atb_tree/2440k_fastas_concat/x0076/SAMN18797474.aln.fas
mesomycoplasma_hyorhinis	SAMN19286179	/nfs/research/jlees/shared/atb_tree/2440k_fastas_concat/x0076/SAMN19286179.aln.fas
lactiplantibacillus_pentosus	SAMN18942672	/nfs/research/jlees/shared/atb_tree/2440k_fastas_concat/x0076/SAMN18942672.aln.fas
mycoplasma_capri	SAMN10613655	/nfs/research/jlees/shared/atb_tree/2440k_fastas_concat/x0055/SAMN10613655.aln.fas
enterococcus_b_lactis	SAMN22135461	/nfs/research/jlees/shared/atb_tree/2440k_fastas_concat/x0081/SAMN22135461.aln.fas
providencia_rettgeri_d	SAMN22677384	/nfs/research/jlees/shared/atb_tree/2440k_fastas_concat/x0081/SAMN22677384.aln.fas
listeria_monocytogenes_b	SAMN22209145	/nfs/research/jlees/shared/atb_tree/2440k_fastas_concat/x0081/SAMN22209145.aln.fas
flavobacterium_psychrophilum	SAMN22259726	/nfs/research/jlees/shared/atb_tree/2440k_fastas_concat/x0081/SAMN22259726.aln.fas
ralstonia_solanacearum	SAMN22612327	/nfs/research/jlees/shared/atb_tree/2440k_fastas_concat/x0081/SAMN22612327.aln.fas
campylobacter_d_jejuni	SAMN12659163	/nfs/research/jlees/shared/atb_tree/2440k_fastas_concat/x0061/SAMN12659163.aln.fas
burkholderia_ambifaria	SAMN12703557	/nfs/research/jlees/shared/atb_tree/2440k_fastas_concat/x0061/SAMN12703557.aln.fas
